sigungu_kostat,sigungu_mois,sido_kostat,sido_mois,name_ko,name_en,dong_count
11010,11110,11,11,종로구,Jongno-gu,17
11020,11140,11,11,중구,Jung-gu,15
11030,11170,11,11,용산구,Yongsan-gu,16
11040,11200,11,11,성동구,Seongdong-gu,17
11050,11215,11,11,광진구,Gwangjin-gu,15
11060,11230,11,11,동대문구,Dongdaemun-gu,15
11070,11260,11,11,중랑구,Jungnang-gu,16
11080,11290,11,11,성북구,Seongbuk-gu,20
11090,11305,11,11,강북구,Gangbuk-gu,13
11100,11320,11,11,도봉구,Dobong-gu,14
11110,11350,11,11,노원구,Nowon-gu,19
11120,11380,11,11,은평구,Eunpyeong-gu,16
11130,11410,11,11,서대문구,Seodaemun-gu,14
11140,11440,11,11,마포구,Mapo-gu,16
11150,11470,11,11,양천구,Yangcheon-gu,18
11160,11500,11,11,강서구,Gangseo-gu,20
11170,11530,11,11,구로구,Guro-gu,16
11180,11545,11,11,금천구,Geumcheon-gu,10
11190,11560,11,11,영등포구,Yeongdeungpo-gu,18
11200,11590,11,11,동작구,Dongjak-gu,15
11210,11620,11,11,관악구,Gwanak-gu,21
11220,11650,11,11,서초구,Seocho-gu,18
11230,11680,11,11,강남구,Gangnam-gu,22
11240,11710,11,11,송파구,Songpa-gu,27
11250,11740,11,11,강동구,Gangdong-gu,19
12010,12210,12,12,동구,Dong-gu,13
12020,12240,12,12,서구,Seo-gu,18
12030,12270,12,12,남구,Nam-gu,17
12040,12300,12,12,북구,Buk-gu,27
12050,12330,12,12,광산구,Gwangsan-gu,21
12060,12110,12,12,목포시,Mokpo-si,23
12070,12130,12,12,여수시,Yeosu-si,27
12080,12150,12,12,순천시,Suncheon-si,24
12090,12170,12,12,나주시,Naju-si,20
12100,12190,12,12,광양시,Gwangyang-si,12
12510,12710,12,12,담양군,Damyang-gun,12
12520,12720,12,12,곡성군,Gokseong-gun,11
12530,12730,12,12,구례군,Gurye-gun,8
12550,12740,12,12,고흥군,Goheung-gun,16
12560,12750,12,12,보성군,Boseong-gun,12
12570,12760,12,12,화순군,Hwasun-gun,13
12580,12770,12,12,장흥군,Jangheung-gun,10
12590,12780,12,12,강진군,Gangjin-gun,11
12600,12790,12,12,해남군,Haenam-gun,14
12610,12800,12,12,영암군,Yeongam-gun,11
12620,12810,12,12,무안군,Muan-gun,9
12630,12820,12,12,함평군,Hampyeong-gun,9
12640,12830,12,12,영광군,Yeonggwang-gun,11
12650,12840,12,12,장성군,Jangseong-gun,11
12660,12850,12,12,완도군,Wando-gun,12
12670,12860,12,12,진도군,Jindo-gun,7
12680,12870,12,12,신안군,Sinan-gun,14
21010,26110,21,26,중구,Jung-gu,9
21020,26140,21,26,서구,Seo-gu,13
21030,26170,21,26,동구,Dong-gu,12
21040,26200,21,26,영도구,Yeongdo-gu,11
21050,26230,21,26,부산진구,Busanjin-gu,20
21060,26260,21,26,동래구,Dongnae-gu,13
21070,26290,21,26,남구,Nam-gu,17
21080,26320,21,26,북구,Buk-gu,13
21090,26350,21,26,해운대구,Haeundae-gu,18
21100,26380,21,26,사하구,Saha-gu,16
21110,26410,21,26,금정구,Geumjeong-gu,16
21120,26440,21,26,강서구,Gangseo-gu,9
21130,26470,21,26,연제구,Yeonje-gu,12
21140,26500,21,26,수영구,Suyeong-gu,10
21150,26530,21,26,사상구,Sasang-gu,12
21510,26710,21,26,기장군,Gijang-gun,5
22010,27110,22,27,중구,Jung-gu,12
22020,27140,22,27,동구,Dong-gu,22
22030,27170,22,27,서구,Seo-gu,17
22040,27200,22,27,남구,Nam-gu,13
22050,27230,22,27,북구,Buk-gu,23
22060,27260,22,27,수성구,Suseong-gu,23
22070,27290,22,27,달서구,Dalseo-gu,23
22510,27710,22,27,달성군,Dalseong-gun,9
22520,27720,22,27,군위군,Gunwi-gun,8
23040,28185,23,28,연수구,Yeonsu-gu,15
23050,28200,23,28,남동구,Namdong-gu,20
23060,28237,23,28,부평구,Bupyeong-gu,22
23070,28245,23,28,계양구,Gyeyang-gu,12
23090,28177,23,28,미추홀구,Michuhol-gu,21
23100,28125,23,28,제물포구,Jemulpo-gu,18
23110,28155,23,28,영종구,Yeongjong-gu,6
23120,28290,23,28,검단구,Geomdan-gu,8
23130,28275,23,28,서해구,Seohae-gu,16
23510,28710,23,28,강화군,Ganghwa-gun,13
23520,28720,23,28,옹진군,Ongjin-gun,7
25010,30110,25,30,동구,Dong-gu,16
25020,30140,25,30,중구,Jung-gu,17
25030,30170,25,30,서구,Seo-gu,24
25040,30200,25,30,유성구,Yuseong-gu,13
25050,30230,25,30,대덕구,Daedeok-gu,12
26010,31110,26,31,중구,Jung-gu,12
26020,31140,26,31,남구,Nam-gu,14
26030,31170,26,31,동구,Dong-gu,9
26040,31200,26,31,북구,Buk-gu,8
26510,31710,26,31,울주군,Ulju-gun,12
29010,36110,29,36,세종시,Sejong-si,24
31011,41111,31,41,수원시장안구,Suwonsijangan-gu,10
31012,41113,31,41,수원시권선구,Suwonsigwonseon-gu,12
31013,41115,31,41,수원시팔달구,Suwonsipaldal-gu,10
31014,41117,31,41,수원시영통구,Suwonsiyeongtong-gu,12
31021,41131,31,41,성남시수정구,Seongnamsisujeong-gu,17
31022,41133,31,41,성남시중원구,Seongnamsijungwon-gu,11
31023,41135,31,41,성남시분당구,Seongnamsibundang-gu,22
31030,41150,31,41,의정부시,Uijeongbu-si,15
31041,41171,31,41,안양시만안구,Anyangsimanan-gu,14
31042,41173,31,41,안양시동안구,Anyangsidongan-gu,17
31051,41192,31,41,부천시원미구,Bucheonsiwonmi-gu,20
31052,41194,31,41,부천시소사구,Bucheonsisosa-gu,10
31053,41196,31,41,부천시오정구,Bucheonsiojeong-gu,7
31060,41210,31,41,광명시,Gwangmyeong-si,19
31070,41220,31,41,평택시,Pyeongtaek-si,25
31080,41250,31,41,동두천시,Dongducheon-si,8
31091,41271,31,41,안산시상록구,Ansansisangnok-gu,13
31092,41273,31,41,안산시단원구,Ansansidanwon-gu,12
31101,41281,31,41,고양시덕양구,Goyangsideogyang-gu,21
31103,41285,31,41,고양시일산동구,Goyangsiilsandong-gu,12
31104,41287,31,41,고양시일산서구,Goyangsiilsanseo-gu,11
31110,41290,31,41,과천시,Gwacheon-si,7
31120,41310,31,41,구리시,Guri-si,8
31130,41360,31,41,남양주시,Namyangju-si,16
31140,41370,31,41,오산시,Osan-si,8
31150,41390,31,41,시흥시,Siheung-si,20
31160,41410,31,41,군포시,Gunpo-si,12
31170,41430,31,41,의왕시,Uiwang-si,6
31180,41450,31,41,하남시,Hanam-si,14
31191,41461,31,41,용인시처인구,Yonginsicheoin-gu,13
31192,41463,31,41,용인시기흥구,Yonginsigiheung-gu,15
31193,41465,31,41,용인시수지구,Yonginsisuji-gu,11
31200,41480,31,41,파주시,Paju-si,20
31210,41500,31,41,이천시,Icheon-si,14
31220,41550,31,41,안성시,Anseong-si,15
31230,41570,31,41,김포시,Gimpo-si,14
31241,41591,31,41,화성시만세구,Hwaseongsimanse-gu,10
31242,41593,31,41,화성시효행구,Hwaseongsihyohaeng-gu,5
31243,41595,31,41,화성시병점구,Hwaseongsibyeongjeom-gu,5
31244,41597,31,41,화성시동탄구,Hwaseongsidongtan-gu,9
31250,41610,31,41,광주시,Gwangju-si,16
31260,41630,31,41,양주시,Yangju-si,12
31270,41650,31,41,포천시,Pocheon-si,14
31280,41670,31,41,여주시,Yeoju-si,12
31550,41800,31,41,연천군,Yeoncheon-gun,10
31570,41820,31,41,가평군,Gapyeong-gun,6
31580,41830,31,41,양평군,Yangpyeong-gun,12
32010,51110,32,51,춘천시,Chuncheon-si,25
32020,51130,32,51,원주시,Wonju-si,25
32030,51150,32,51,강릉시,Gangneung-si,21
32040,51170,32,51,동해시,Donghae-si,10
32050,51190,32,51,태백시,Taebaek-si,8
32060,51210,32,51,속초시,Sokcho-si,8
32070,51230,32,51,삼척시,Samcheok-si,12
32510,51720,32,51,홍천군,Hongcheon-gun,10
32520,51730,32,51,횡성군,Hoengseong-gun,9
32530,51750,32,51,영월군,Yeongwol-gun,9
32540,51760,32,51,평창군,Pyeongchang-gun,8
32550,51770,32,51,정선군,Jeongseon-gun,9
32560,51780,32,51,철원군,Cheorwon-gun,7
32570,51790,32,51,화천군,Hwacheon-gun,5
32580,51800,32,51,양구군,Yanggu-gun,5
32590,51810,32,51,인제군,Inje-gun,6
32600,51820,32,51,고성군,Goseong-gun,5
32610,51830,32,51,양양군,Yangyang-gun,6
33020,43130,33,43,충주시,Chungju-si,25
33030,43150,33,43,제천시,Jecheon-si,17
33041,43111,33,43,청주시상당구,Cheongjusisangdang-gu,13
33042,43112,33,43,청주시서원구,Cheongjusiseowon-gu,11
33043,43113,33,43,청주시흥덕구,Cheongjusiheungdeok-gu,11
33044,43114,33,43,청주시청원구,Cheongjusicheongwon-gu,8
33520,43720,33,43,보은군,Boeun-gun,11
33530,43730,33,43,옥천군,Okcheon-gun,9
33540,43740,33,43,영동군,Yeongdong-gun,11
33550,43750,33,43,진천군,Jincheon-gun,7
33560,43760,33,43,괴산군,Goesan-gun,11
33570,43770,33,43,음성군,Eumseong-gun,9
33580,43800,33,43,단양군,Danyang-gun,8
33590,43745,33,43,증평군,Jeungpyeong-gun,2
34011,44131,34,44,천안시동남구,Cheonansidongnam-gu,17
34012,44133,34,44,천안시서북구,Cheonansiseobuk-gu,14
34020,44150,34,44,공주시,Gongju-si,16
34030,44180,34,44,보령시,Boryeong-si,16
34040,44200,34,44,아산시,Asan-si,17
34050,44210,34,44,서산시,Seosan-si,15
34060,44230,34,44,논산시,Nonsan-si,15
34070,44250,34,44,계룡시,Gyeryong-si,4
34080,44270,34,44,당진시,Dangjin-si,14
34510,44710,34,44,금산군,Geumsan-gun,10
34530,44760,34,44,부여군,Buyeo-gun,16
34540,44770,34,44,서천군,Seocheon-gun,13
34550,44790,34,44,청양군,Cheongyang-gun,10
34560,44800,34,44,홍성군,Hongseong-gun,11
34570,44810,34,44,예산군,Yesan-gun,12
34580,44825,34,44,태안군,Taean-gun,8
35011,52111,35,52,전주시완산구,Jeonjusiwansan-gu,19
35012,52113,35,52,전주시덕진구,Jeonjusideokjin-gu,16
35020,52130,35,52,군산시,Gunsan-si,27
35030,52140,35,52,익산시,Iksan-si,29
35040,52180,35,52,정읍시,Jeongeup-si,23
35050,52190,35,52,남원시,Namwon-si,23
35060,52210,35,52,김제시,Gimje-si,19
35510,52710,35,52,완주군,Wanju-gun,13
35520,52720,35,52,진안군,Jinan-gun,11
35530,52730,35,52,무주군,Muju-gun,6
35540,52740,35,52,장수군,Jangsu-gun,7
35550,52750,35,52,임실군,Imsil-gun,12
35560,52770,35,52,순창군,Sunchang-gun,11
35570,52790,35,52,고창군,Gochang-gun,14
35580,52800,35,52,부안군,Buan-gun,13
37011,47111,37,47,포항시남구,Pohangsinam-gu,14
37012,47113,37,47,포항시북구,Pohangsibuk-gu,15
37020,47130,37,47,경주시,Gyeongju-si,22
37030,47150,37,47,김천시,Gimcheon-si,22
37040,47170,37,47,안동시,Andong-si,24
37050,47190,37,47,구미시,Gumi-si,25
37060,47210,37,47,영주시,Yeongju-si,19
37070,47230,37,47,영천시,Yeongcheon-si,16
37080,47250,37,47,상주시,Sangju-si,24
37090,47280,37,47,문경시,Mungyeong-si,14
37100,47290,37,47,경산시,Gyeongsan-si,15
37520,47730,37,47,의성군,Uiseong-gun,18
37530,47750,37,47,청송군,Cheongsong-gun,8
37540,47760,37,47,영양군,Yeongyang-gun,6
37550,47770,37,47,영덕군,Yeongdeok-gun,9
37560,47820,37,47,청도군,Cheongdo-gun,9
37570,47830,37,47,고령군,Goryeong-gun,8
37580,47840,37,47,성주군,Seongju-gun,10
37590,47850,37,47,칠곡군,Chilgok-gun,8
37600,47900,37,47,예천군,Yecheon-gun,12
37610,47920,37,47,봉화군,Bonghwa-gun,10
37620,47930,37,47,울진군,Uljin-gun,10
37630,47940,37,47,울릉군,Ulleung-gun,3
38030,48170,38,48,진주시,Jinju-si,30
38050,48220,38,48,통영시,Tongyeong-si,15
38060,48240,38,48,사천시,Sacheon-si,14
38070,48250,38,48,김해시,Gimhae-si,19
38080,48270,38,48,밀양시,Miryang-si,16
38090,48310,38,48,거제시,Geoje-si,18
38100,48330,38,48,양산시,Yangsan-si,13
38111,48121,38,48,창원시의창구,Changwonsiuichang-gu,7
38112,48123,38,48,창원시성산구,Changwonsiseongsan-gu,8
38113,48125,38,48,창원시마산합포구,Changwonsimasanhappo-gu,15
38114,48127,38,48,창원시마산회원구,Changwonsimasanhoewon-gu,12
38115,48129,38,48,창원시진해구,Changwonsijinhae-gu,13
38510,48720,38,48,의령군,Uiryeong-gun,13
38520,48730,38,48,함안군,Haman-gun,10
38530,48740,38,48,창녕군,Changnyeong-gun,14
38540,48820,38,48,고성군,Goseong-gun,14
38550,48840,38,48,남해군,Namhae-gun,10
38560,48850,38,48,하동군,Hadong-gun,13
38570,48860,38,48,산청군,Sancheong-gun,11
38580,48870,38,48,함양군,Hamyang-gun,11
38590,48880,38,48,거창군,Geochang-gun,12
38600,48890,38,48,합천군,Hapcheon-gun,17
39010,50110,39,50,제주시,Jeju-si,26
39020,50130,39,50,서귀포시,Seogwipo-si,17
